SampleId	ClusterId	ChainId	SvId	Type	ResolvedType	IsSynthetic	ChrStart	ChrEnd	PosStart	PosEnd	OrientStart	OrientEnd	InfoStart	InfoEnd	JunctionCopyNumber	InDoubleMinute
HMF000185A	12	1	3	INF	PAIR_INF	false	1	-1	11554000	0	1	0	NORMAL		0.0460	false
HMF000185A	8	1	4	INF	PAIR_INF	false	1	-1	29518001	0	-1	0	NORMAL		0.2110	false
HMF000185A	17	1	6	INF	PAIR_INF	false	1	-1	149204000	0	1	0	NORMAL		0.3970	false
HMF000185A	16	1	7	INF	PAIR_INF	false	1	-1	151677001	0	-1	0	NORMAL		0.4680	false
HMF000185A	3	1	8	INF	PAIR_INF	false	1	-1	153628000	0	1	0	NORMAL		0.5390	false
HMF000185A	18	1	9	INF	PAIR_INF	false	1	-1	154175001	0	-1	0	NORMAL		0.5190	false
HMF000185A	11	1	12	INF	PAIR_INF	false	3	-1	48722000	0	1	0	NORMAL		0.4890	false
HMF000185A	14	1	13	INF	PAIR_INF	false	3	-1	49555001	0	-1	0	NORMAL		0.5100	false
HMF000185A	13	1	14	INF	PAIR_INF	false	3	-1	138398000	0	1	0	NORMAL		0.4660	false
HMF000185A	15	1	15	INF	PAIR_INF	false	3	-1	138627001	0	-1	0	NORMAL		0.4400	false
HMF000185A	25	1	16	DEL	DEL	false	4	4	55599813	55599852	1	-1	NORMAL	NORMAL	1.0655	false
HMF000185A	4	1	19	INF	PAIR_INF	false	5	-1	68346000	0	1	0	NORMAL		0.4880	false
HMF000185A	5	1	20	INF	PAIR_INF	false	5	-1	68829001	0	-1	0	NORMAL		0.4960	false
HMF000185A	0	1	21	INF	PAIR_INF	false	5	-1	133934000	0	1	0	NORMAL		0.5600	false
HMF000185A	2	1	22	INF	PAIR_INF	false	5	-1	134155001	0	-1	0	NORMAL		0.5200	false
HMF000185A	26	1	23	DEL	DEL	false	5	5	158524837	158524873	1	-1	NORMAL	NORMAL	0.8408	false
HMF000185A	27	1	36	DEL	DEL	false	9	9	21854635	22128947	1	-1	NORMAL	NORMAL	0.9526	false
HMF000185A	28	1	37	DEL	DEL	false	9	9	114896780	114896816	1	-1	NORMAL	NORMAL	0.8163	false
HMF000185A	21	1	45	INF	PAIR_INF	false	10	-1	70071000	0	1	0	NORMAL		0.5670	false
HMF000185A	6	1	46	INF	PAIR_INF	false	10	-1	70582001	0	-1	0	NORMAL		0.5000	false
HMF000185A	22	1	47	INF	INF	false	11	-1	9533001	0	-1	0	NORMAL		0.0480	false
HMF000185A	19	1	49	INF	PAIR_INF	false	12	-1	49510000	0	1	0	NORMAL		0.4420	false
HMF000185A	7	1	50	INF	PAIR_INF	false	12	-1	49910001	0	-1	0	NORMAL		0.2320	false
HMF000185A	9	1	55	INF	PAIR_INF	false	14	-1	35203000	0	1	0	NORMAL		0.4040	false
HMF000185A	10	1	56	INF	PAIR_INF	false	14	-1	35606001	0	-1	0	NORMAL		0.4120	false
HMF000185A	1	1	57	INF	PAIR_INF	false	14	-1	73816000	0	1	0	NORMAL		0.4520	false
HMF000185A	20	1	58	INF	PAIR_INF	false	14	-1	74179001	0	-1	0	NORMAL		0.4330	false
HMF000185A	24	1	62	BND	RECIP_TRANS	false	12	16	57913956	31196005	1	1	NORMAL	NORMAL	0.9841	false
HMF000185A	24	2	63	BND	RECIP_TRANS	false	12	16	57913957	31196006	-1	-1	NORMAL	NORMAL	1.1623	false
HMF000185A	23	1	82	DUP	DUP	false	22	22	17299378	17299439	-1	1	NORMAL	NORMAL	0.7513	false
